{
    "input_text": "Music plays softly in the background.",
    "total_chunks": 42,
    "first_chunk_latency_sec": 0.42193714700079,
    "last_chunk_latency_sec": 4.28346157300075,
    "average_chunk_interval_sec": 0.09418352258536487,
    "total_generation_time_sec": 4.7655434620010055,
    "audio_duration_sec": 3.584
}