{
    "input_text": "The quick brown fox jumps over the lazy dog.",
    "total_chunks": 40,
    "first_chunk_latency_sec": 1.1599451469992346,
    "last_chunk_latency_sec": 4.227374694999526,
    "average_chunk_interval_sec": 0.07865203969231516,
    "total_generation_time_sec": 4.973723121998773,
    "audio_duration_sec": 3.4133333333333336
}