{
    "input_text": "Laughter echoes in the park.",
    "total_chunks": 33,
    "first_chunk_latency_sec": 0.42045625600076164,
    "last_chunk_latency_sec": 3.4345044900001085,
    "average_chunk_interval_sec": 0.09418900731247959,
    "total_generation_time_sec": 4.265543912000794,
    "audio_duration_sec": 2.816
}